"What are the 2 entry points to a linked list?","**Head** and **Tail**","Vocabulary","[Linked Lists]"
"T/F: Lists are more expensive in terms of size to maintain than an array?","**False**","True/False","[Linked Lists,Memory]"
"What are the two key pieces of info that all link based implementations need?","**Data** and **Link**","Vocabulary","[Linked Lists]"
"What are Nodes in a linked list?","Storage units which are linked together to create 'chains'","Vocabulary","[Linked Lists]"
"What is the time complexity for traversal/searching in a linked list?","**O(n)**","Work Problems","[Linked Lists,Time Complexity]"
"What are the 3 rules of a BST?","1. Everything in the left subtree must be ***less than*** the root<br>2. Everything in the right subtree must be ***greater than*** the root<br>3. Both the left and right subtree must be ***BST***","Vocabulary","[Binary Trees,BST]"
"T/F: If a tree is empty, it is considered a full tree?","**True**","True/False","[Binary Trees]"
"How many nodes are there in a BST with height 4?","**2^4 - 1 = 15 nodes**","Work Problems","[Binary Trees,BST]"
"What are the 3 different conditions for removal of a node in a BST?","1. If ***no children***, then remove<br>2. If ***1 child***, remove and replace with the child<br>3. If ***2 children***, replace with inorder successor","Vocabulary","[Binary Trees,BST,Deletion]"
"T/F: When performing deletion of a node with 2 children, we use inorder traversal?","**True**","True/False","[Binary Trees,BST,Deletion]"
"What is a Full Binary Tree?","A tree of height h where all nodes at level less than h have two children each.<br><br>A full binary tree of height h ≥ 0 has ***2^h - 1 nodes***.","Vocabulary","[Binary Trees]"
"What is a Complete Binary Tree?","A binary tree that is full down to level h-1, with level h filled in from ***left to right***.<br><br>All nodes at level h-2 and above have two children each.","Vocabulary","[Binary Trees]"
"What is a Fully Balanced tree?","A tree where the height of any node's right subtree differs from the height of the node's left subtree by ***no more than 1***.","Vocabulary","[Binary Trees]"
"What is the maximum number of nodes that a binary tree of height h can have?","**2^h - 1**","Work Problems","[Binary Trees]"
"What color is the root in a Red-Black tree?","**Black**","Vocabulary","[Red-Black Trees,RBT]"
"What are the 6 rules for Red-Black Trees?","1. Must be a ***BST***<br>2. The root must be ***black***<br>3. Every node when inserted begins as ***red***<br>4. If a node is red, its children must be ***black***<br>5. Every path from a node to nullptr must contain the ***same number of black nodes***<br>6. Every nullptr leaf must be ***black***","Vocabulary","[Red-Black Trees,RBT]"
"What type of tree is a Red-Black tree?","A type of ***balanced Binary Search Tree (BST)***","Vocabulary","[Red-Black Trees,RBT]"
"What color does every node begin as when inserted into a Red-Black tree?","**Red** (Rule #3)","Vocabulary","[Red-Black Trees,RBT]"
"If a node is Red in a Red-Black tree, what must be true about its children?","Its children must be **Black**","Vocabulary","[Red-Black Trees,RBT]"
"Why is balance important in Red-Black trees?","Balance allows for ***optimal search, insertion, and deletion times***.<br><br>Most BST operations are O(h), but worst case is O(n) when the tree is unbalanced.","Vocabulary","[Red-Black Trees,RBT,Performance]"
"What is a Left Rotation in Red-Black trees?","Repositions Node y as the root of the subtree.<br><br>Assumes the ***right child*** of Node x is not nullptr.","Vocabulary","[Red-Black Trees,RBT,Rotations]"
"What is a Right Rotation in Red-Black trees?","Repositions Node x as the root of the subtree.<br><br>Assumes the ***left child*** of Node y is not nullptr.","Vocabulary","[Red-Black Trees,RBT,Rotations]"
"What is the time complexity of most BST operations in Red-Black trees?","**O(h)** where h is the height.<br><br>In balanced state, this is ***O(log n)***.","Work Problems","[Red-Black Trees,RBT,Time Complexity]"
"If you have key 5 and hash table of size 6, what will it hash to?","**Bucket 5**, the last one<br><br>(5 % 6 = 5)","Work Problems","[Hash Tables,Hashing]"
"T/F: A perfect hash function locates each key to a unique location?","**True**","True/False","[Hash Tables]"
"When 2 or more keys map to the same location, what is it called?","**Collision**","Vocabulary","[Hash Tables]"
"How is load factor calculated in hashing? The equation?","**Load Factor = # of keys / table size**<br><br>or<br><br>**entry_count / size**","Work Problems","[Hash Tables,Load Factor]"
"What is the general hash function formula?","**hash = key % size**","Work Problems","[Hash Tables,Hashing]"
"What is a perfect hash function?","A function that maps each search key into a ***unique location*** of the hash table.<br><br>Only possible if you know all search keys in advance.","Vocabulary","[Hash Tables]"
"What does a hash table store elements in?","**Buckets**","Vocabulary","[Hash Tables]"
"Provide an example of an open addressing collision scheme","- **Linear probing**<br>- **Quadratic probing**<br>- **Double hashing**","Vocabulary","[Hash Tables,Open Addressing]"
"What is the hash formula for linear probing?","**hash = (key % size) + n**<br><br>where n is the number of attempts","Work Problems","[Hash Tables,Linear Probing]"
"What is the number 1 downside of linear probing?","**Primary clustering** - entries tend to cluster together, leading to long probe searches","Vocabulary","[Hash Tables,Linear Probing]"
"What are the three status states in linear probing?","- **Occupied:** Position currently held by an entry<br>- **Empty:** Position never used<br>- **Removed:** Position previously held an entry but is now available","Vocabulary","[Hash Tables,Linear Probing]"
"In linear probing, describe the Insert(x) operation","Keep probing until an ***empty slot*** is found. Once found, insert the key.","Vocabulary","[Hash Tables,Linear Probing,Operations]"
"In linear probing, describe the Search(x) operation","Keep probing until the slot's key becomes ***equal to x*** or an ***empty slot*** is reached.","Vocabulary","[Hash Tables,Linear Probing,Operations]"
"In linear probing, describe the Delete(k) operation","Keep probing until the key's slot is found and remove the key.<br><br>Mark as ***REMOVED***, not EMPTY.","Vocabulary","[Hash Tables,Linear Probing,Operations]"
"What is the hash formula for quadratic probing?","**hash = (key % size) + n²**<br><br>where n starts at 0 and increases by 1 for each collision","Work Problems","[Hash Tables,Quadratic Probing]"
"What is the downside of quadratic probing?","**Secondary clustering** - when two search keys hash into the same location, they use the same probe sequence.","Vocabulary","[Hash Tables,Quadratic Probing]"
"What is the formula for the second hash function in double hashing?","**hash2(x) = (size/2) - (x % (size/2))**","Work Problems","[Hash Tables,Double Hashing]"
"How does double hashing work?","It applies a ***second hash function*** to the key when a collision occurs, providing a different probe sequence.","Vocabulary","[Hash Tables,Double Hashing]"
"T/F: Separate chaining is an example of closed addressing scheme?","**True**","True/False","[Hash Tables,Separate Chaining]"
"What is the time complexity of a singularly linked list in terms of separate chaining?","**O(n)**","Work Problems","[Hash Tables,Separate Chaining,Time Complexity]"
"What is the time complexity of a doubly linked list in separate chaining?","**O(1)** for deletions (because we have backward links)","Work Problems","[Hash Tables,Separate Chaining,Time Complexity]"
"How does separate chaining work?","It avoids collisions by ***chaining entries together*** within a given bucket.<br><br>When a collision occurs, the new entry is appended to the list at that bucket.","Vocabulary","[Hash Tables,Separate Chaining]"
"Why is doubly linked list better than singly linked list for separate chaining?","With doubly linked lists, we don't need to iterate back through the list to find the previous node when deleting.<br><br>We already have the link back, giving ***O(1) time complexity*** instead of O(n).","Vocabulary","[Hash Tables,Separate Chaining]"
"What is the time complexity of Cuckoo Hashing in worst case?","**O(1)** - guarantees worst case lookup time","Work Problems","[Hash Tables,Cuckoo Hashing,Time Complexity]"
"What are the two hash functions used in Cuckoo Hashing?","**h1(key) = key % SIZE**<br><br>**h2(key) = (key / SIZE) % SIZE**","Work Problems","[Hash Tables,Cuckoo Hashing]"
"What is the load factor formula for Cuckoo Hashing?","**Load Factor = entry_count / size**","Work Problems","[Hash Tables,Cuckoo Hashing,Load Factor]"
"How does Cuckoo Hashing handle collisions (relocations)?","It ***pushes the current value*** to the other hashing table when collision occurs.<br><br>If alternative position is vacant, insert. Otherwise, the former key displaces the key at that position.","Vocabulary","[Hash Tables,Cuckoo Hashing]"
"What is a cycle in Cuckoo Hashing?","When ***no open buckets exist*** for all of the hashing functions.<br><br>This requires rehashing the entire data structure.","Vocabulary","[Hash Tables,Cuckoo Hashing]"
"Why is Cuckoo Hashing named after the Cuckoo bird?","The Cuckoo bird 'takes over' other birds' nests and removes eggs/babies to make room for their own - similar to how this hashing ***displaces existing values***.","Vocabulary","[Hash Tables,Cuckoo Hashing]"
"What is the insertion time complexity for Cuckoo Hashing?","**O(1)** - as long as the number of keys is kept below half of the capacity (no cycles)","Work Problems","[Hash Tables,Cuckoo Hashing,Time Complexity]"
"What is the deletion time complexity for Cuckoo Hashing?","**O(1)** - just requires inspection of two locations in the hash table","Work Problems","[Hash Tables,Cuckoo Hashing,Time Complexity]"
